[
    {
        "inputs": [],
        "stateMutability": "nonpayable",
        "type": "constructor"
    },
    {
        "anonymous": false,
        "inputs": [
            {
                "indexed": false,
                "internalType": "address",
                "name": "buyer",
                "type": "address"
            },
            {
                "indexed": false,
                "internalType": "uint256",
                "name": "orderId",
                "type": "uint256"
            },
            {
                "indexed": false,
                "internalType": "uint256",
                "name": "itemId",
                "type": "uint256"
            }
        ],
        "name": "Buy",
        "type": "event"
    },
    {
        "anonymous": false,
        "inputs": [
            {
                "indexed": false,
                "internalType": "string",
                "name": "name",
                "type": "string"
            },
            {
                "indexed": false,
                "internalType": "uint256",
                "name": "cost",
                "type": "uint256"
            },
            {
                "indexed": false,
                "internalType": "uint256",
                "name": "quantity",
                "type": "uint256"
            }
        ],
        "name": "List",
        "type": "event"
    },
    {
        "inputs": [
            {
                "internalType": "uint256",
                "name": "_id",
                "type": "uint256"
            }
        ],
        "name": "buy",
        "outputs": [],
        "stateMutability": "payable",
        "type": "function"
    },
    {
        "inputs": [
            {
                "internalType": "uint256",
                "name": "",
                "type": "uint256"
            }
        ],
        "name": "items",
        "outputs": [
            {
                "internalType": "uint256",
                "name": "id",
                "type": "uint256"
            },
            {
                "internalType": "string",
                "name": "name",
                "type": "string"
            },
            {
                "internalType": "string",
                "name": "category",
                "type": "string"
            },
            {
                "internalType": "string",
                "name": "image",
                "type": "string"
            },
            {
                "internalType": "uint256",
                "name": "cost",
                "type": "uint256"
            },
            {
                "internalType": "uint256",
                "name": "rating",
                "type": "uint256"
            },
            {
                "internalType": "uint256",
                "name": "stock",
                "type": "uint256"
            }
        ],
        "stateMutability": "view",
        "type": "function"
    },
    {
        "inputs": [
            {
                "internalType": "uint256",
                "name": "_id",
                "type": "uint256"
            },
            {
                "internalType": "string",
                "name": "_name",
                "type": "string"
            },
            {
                "internalType": "string",
                "name": "_category",
                "type": "string"
            },
            {
                "internalType": "string",
                "name": "_image",
                "type": "string"
            },
            {
                "internalType": "uint256",
                "name": "_cost",
                "type": "uint256"
            },
            {
                "internalType": "uint256",
                "name": "_rating",
                "type": "uint256"
            },
            {
                "internalType": "uint256",
                "name": "_stock",
                "type": "uint256"
            }
        ],
        "name": "list",
        "outputs": [],
        "stateMutability": "nonpayable",
        "type": "function"
    },
    {
        "inputs": [
            {
                "internalType": "address",
                "name": "",
                "type": "address"
            }
        ],
        "name": "orderCount",
        "outputs": [
            {
                "internalType": "uint256",
                "name": "",
                "type": "uint256"
            }
        ],
        "stateMutability": "view",
        "type": "function"
    },
    {
        "inputs": [
            {
                "internalType": "address",
                "name": "",
                "type": "address"
            },
            {
                "internalType": "uint256",
                "name": "",
                "type": "uint256"
            }
        ],
        "name": "orders",
        "outputs": [
            {
                "internalType": "uint256",
                "name": "time",
                "type": "uint256"
            },
            {
                "components": [
                    {
                        "internalType": "uint256",
                        "name": "id",
                        "type": "uint256"
                    },
                    {
                        "internalType": "string",
                        "name": "name",
                        "type": "string"
                    },
                    {
                        "internalType": "string",
                        "name": "category",
                        "type": "string"
                    },
                    {
                        "internalType": "string",
                        "name": "image",
                        "type": "string"
                    },
                    {
                        "internalType": "uint256",
                        "name": "cost",
                        "type": "uint256"
                    },
                    {
                        "internalType": "uint256",
                        "name": "rating",
                        "type": "uint256"
                    },
                    {
                        "internalType": "uint256",
                        "name": "stock",
                        "type": "uint256"
                    }
                ],
                "internalType": "struct Dappazon.Item",
                "name": "item",
                "type": "tuple"
            }
        ],
        "stateMutability": "view",
        "type": "function"
    },
    {
        "inputs": [],
        "name": "owner",
        "outputs": [
            {
                "internalType": "address",
                "name": "",
                "type": "address"
            }
        ],
        "stateMutability": "view",
        "type": "function"
    },
    {
        "inputs": [],
        "name": "withdraw",
        "outputs": [],
        "stateMutability": "nonpayable",
        "type": "function"
    }
]